videoId,type,title,director,cast,country,date_added,release_year,classfication,Runtime,tags,description,sequel,SeasonNo,EpisodeNo
s1054001,TV Show,Marvel Ultimate Spider-Man,,"Drake Bell, Chi McBride, Steven Weber",United States,12-Nov-19,2011,TV-Y7,30,min,Spider-Man trains alongside four fellow teenage superheroes.,,0,0
s1054002,TV Show,Marvel Ultimate Spider-Man,,"Drake Bell, Chi McBride, Steven Weber",United States,12-Nov-19,2011,TV-Y7,30,min,Spider-Man trains alongside four fellow teenage superheroes.,,0,1
s1054003,TV Show,Marvel Ultimate Spider-Man,,"Drake Bell, Chi McBride, Steven Weber",United States,12-Nov-19,2011,TV-Y7,30,min,Spider-Man trains alongside four fellow teenage superheroes.,,0,2
s1054004,TV Show,Marvel Ultimate Spider-Man,,"Drake Bell, Chi McBride, Steven Weber",United States,12-Nov-19,2011,TV-Y7,30,min,Spider-Man trains alongside four fellow teenage superheroes.,,0,3
s1054005,TV Show,Marvel Ultimate Spider-Man,,"Drake Bell, Chi McBride, Steven Weber",United States,12-Nov-19,2011,TV-Y7,30,min,Spider-Man trains alongside four fellow teenage superheroes.,,0,4
s1054006,TV Show,Marvel Ultimate Spider-Man,,"Drake Bell, Chi McBride, Steven Weber",United States,12-Nov-19,2011,TV-Y7,30,min,Spider-Man trains alongside four fellow teenage superheroes.,,1,0
s1054007,TV Show,Marvel Ultimate Spider-Man,,"Drake Bell, Chi McBride, Steven Weber",United States,12-Nov-19,2011,TV-Y7,30,min,Spider-Man trains alongside four fellow teenage superheroes.,,1,1
s1054008,TV Show,Marvel Ultimate Spider-Man,,"Drake Bell, Chi McBride, Steven Weber",United States,12-Nov-19,2011,TV-Y7,30,min,Spider-Man trains alongside four fellow teenage superheroes.,,1,2
s1054009,TV Show,Marvel Ultimate Spider-Man,,"Drake Bell, Chi McBride, Steven Weber",United States,12-Nov-19,2011,TV-Y7,30,min,Spider-Man trains alongside four fellow teenage superheroes.,,1,3
s1054010,TV Show,Marvel Ultimate Spider-Man,,"Drake Bell, Chi McBride, Steven Weber",United States,12-Nov-19,2011,TV-Y7,30,min,Spider-Man trains alongside four fellow teenage superheroes.,,1,4
s1054011,TV Show,Marvel Ultimate Spider-Man,,"Drake Bell, Chi McBride, Steven Weber",United States,12-Nov-19,2011,TV-Y7,30,min,Spider-Man trains alongside four fellow teenage superheroes.,,2,0
s1054012,TV Show,Marvel Ultimate Spider-Man,,"Drake Bell, Chi McBride, Steven Weber",United States,12-Nov-19,2011,TV-Y7,30,min,Spider-Man trains alongside four fellow teenage superheroes.,,2,1
s1054013,TV Show,Marvel Ultimate Spider-Man,,"Drake Bell, Chi McBride, Steven Weber",United States,12-Nov-19,2011,TV-Y7,30,min,Spider-Man trains alongside four fellow teenage superheroes.,,2,2
s1054014,TV Show,Marvel Ultimate Spider-Man,,"Drake Bell, Chi McBride, Steven Weber",United States,12-Nov-19,2011,TV-Y7,30,min,Spider-Man trains alongside four fellow teenage superheroes.,,2,3
s1054015,TV Show,Marvel Ultimate Spider-Man,,"Drake Bell, Chi McBride, Steven Weber",United States,12-Nov-19,2011,TV-Y7,30,min,Spider-Man trains alongside four fellow teenage superheroes.,,2,4
s1054016,TV Show,Marvel Ultimate Spider-Man,,"Drake Bell, Chi McBride, Steven Weber",United States,12-Nov-19,2011,TV-Y7,30,min,Spider-Man trains alongside four fellow teenage superheroes.,,3,0
s1054017,TV Show,Marvel Ultimate Spider-Man,,"Drake Bell, Chi McBride, Steven Weber",United States,12-Nov-19,2011,TV-Y7,30,min,Spider-Man trains alongside four fellow teenage superheroes.,,3,1
s1054018,TV Show,Marvel Ultimate Spider-Man,,"Drake Bell, Chi McBride, Steven Weber",United States,12-Nov-19,2011,TV-Y7,30,min,Spider-Man trains alongside four fellow teenage superheroes.,,3,2
s1054019,TV Show,Marvel Ultimate Spider-Man,,"Drake Bell, Chi McBride, Steven Weber",United States,12-Nov-19,2011,TV-Y7,30,min,Spider-Man trains alongside four fellow teenage superheroes.,,3,3
s1054020,TV Show,Marvel Ultimate Spider-Man,,"Drake Bell, Chi McBride, Steven Weber",United States,12-Nov-19,2011,TV-Y7,30,min,Spider-Man trains alongside four fellow teenage superheroes.,,3,4
s1055001,TV Show,Marvel's Agent Carter,,"Hayley Atwell, James D'Arcy, Chad Murray",United States,12-Nov-19,2014,TV-14,30,min,"Working for SSR, Peggy would rather be in the field.",,0,0
s1055002,TV Show,Marvel's Agent Carter,,"Hayley Atwell, James D'Arcy, Chad Murray",United States,12-Nov-19,2014,TV-14,30,min,"Working for SSR, Peggy would rather be in the field.",,0,1
s1055003,TV Show,Marvel's Agent Carter,,"Hayley Atwell, James D'Arcy, Chad Murray",United States,12-Nov-19,2014,TV-14,30,min,"Working for SSR, Peggy would rather be in the field.",,0,2
s1055004,TV Show,Marvel's Agent Carter,,"Hayley Atwell, James D'Arcy, Chad Murray",United States,12-Nov-19,2014,TV-14,30,min,"Working for SSR, Peggy would rather be in the field.",,0,3
s1055005,TV Show,Marvel's Agent Carter,,"Hayley Atwell, James D'Arcy, Chad Murray",United States,12-Nov-19,2014,TV-14,30,min,"Working for SSR, Peggy would rather be in the field.",,0,4
s1055006,TV Show,Marvel's Agent Carter,,"Hayley Atwell, James D'Arcy, Chad Murray",United States,12-Nov-19,2014,TV-14,30,min,"Working for SSR, Peggy would rather be in the field.",,1,0
s1055007,TV Show,Marvel's Agent Carter,,"Hayley Atwell, James D'Arcy, Chad Murray",United States,12-Nov-19,2014,TV-14,30,min,"Working for SSR, Peggy would rather be in the field.",,1,1
s1055008,TV Show,Marvel's Agent Carter,,"Hayley Atwell, James D'Arcy, Chad Murray",United States,12-Nov-19,2014,TV-14,30,min,"Working for SSR, Peggy would rather be in the field.",,1,2
s1055009,TV Show,Marvel's Agent Carter,,"Hayley Atwell, James D'Arcy, Chad Murray",United States,12-Nov-19,2014,TV-14,30,min,"Working for SSR, Peggy would rather be in the field.",,1,3
s1055010,TV Show,Marvel's Agent Carter,,"Hayley Atwell, James D'Arcy, Chad Murray",United States,12-Nov-19,2014,TV-14,30,min,"Working for SSR, Peggy would rather be in the field.",,1,4